mode,stop_id,importance,delta_kemeny,delta_gap,delta_eff,vulnerability,criticality,stop_name,V,C
0,F01438,45.12316707359737,0.0,1.2236842105263157,0.0,0.4078947368421052,0.4017810268700986,Gubacsi út / Határ út,0.0,0.0
0,F03834,1.6543846723773827,0.0,1.5,0.0,0.5,0.1078501840915987,Kemény Zsigmond utca,0.0,0.0
0,F02476,124.68491150892042,0.0,1.0,0.0024637311884095,0.3341545770628031,0.0701958857542168,Széll Kálmán tér M,0.07881614752167554,0.28074213706117496
0,F00846,2.003809581025611,0.0,1.0263157894736843,0.0275827050926632,0.3512994981887825,0.0394519508822712,Rákospalota-Újpest vasútállomás,0.882386261885027,0.11287416154117878
0,F02667,2.027612316864079,0.0,1.0263157894736843,0.0177412052215307,0.3480189982317383,0.0359041386127551,Hun utca,0.5675511413463796,0.09112228052397596
0,F00845,1.9290914247642577,0.0,1.0,0.0312592186484621,0.3437530728828207,0.0294136522618434,Rákospalota-Újpest vasútállomás,1.0,0.11763725902223816
0,F02615,3.9312486678405207,0.0,1.0,0.0143450085621378,0.338115002854046,0.029299973280921,Lehel tér M,0.45890489853442157,0.11718261015357219
0,F02545,2.052714331845311,0.0,1.0,0.0283139626212454,0.3427713208737484,0.0289807811780971,Gyöngyösi utca,0.9057796018403805,0.11590603002188848
0,F00819,2.0529113252960878,0.0,1.0,0.0279445401953321,0.3426481800651107,0.0287926350883401,Tél utca / Pozsonyi utca,0.8939615704920034,0.11515355664327703
0,091817,2.0280477072165297,0.0,1.0,0.0282191214421377,0.3427397071473792,0.0287382772833138,Angyalföld vasútállomás,0.9027455791357738,0.11493615748683016
0,F00798,2.052976989779684,0.0,1.0,0.0278288840873535,0.3426096280291178,0.0287335011338424,Újpest-központ M,0.8902616664963452,0.1149170557062184
0,F00822,2.028112580561758,0.0,1.0,0.0280751026409444,0.3426917008803148,0.0286653597318004,Angyalföld kocsiszín,0.8981383366191606,0.11464453029214196
0,F00795,2.0282884775336374,0.0,1.0,0.0277301610498247,0.3425767203499416,0.0284900940389551,Szent István tér (Újpesti piac),0.8871034609557963,0.11394357090350749
0,F00786,2.003617334404848,0.0,1.0,0.027651202959021,0.3425504009863403,0.028256212835041,Kiss Ernő utca,0.8845775471864327,0.11300818404572015
0,F00790,2.0036814166118417,0.0,1.0,0.0275960069160472,0.3425320023053491,0.028228500154827,Újpesti rendelőintézet,0.8828117947025165,0.11289734967154842
0,F00881,2.003745498818741,0.0,1.0,0.0275703274060453,0.3425234424686817,0.0282158660913396,Szülőotthon,0.8819902927228704,0.11284682086996557
0,F00880,1.8796876685930155,0.0,1.0,0.0290814740516065,0.3430271580172022,0.0279607819593958,Szülőotthon,0.9303327245205234,0.11182663480688126
0,F02660,2.02791796052601,0.0,1.0,0.0257129191707676,0.3419043063902559,0.0274314782071058,Rokolya utca,0.8225707577637302,0.10970973201442027
0,F00792,1.9044637373141853,0.0,1.0,0.0274011509347163,0.3424670503115721,0.0273411875193602,Újpesti rendelőintézet,0.8765782421776683,0.10934862252257362
0,F00788,1.92925874139562,0.0,1.0,0.0259117089493212,0.3419705696497737,0.0267811371524346,Kiss Ernő utca,0.8289301546760194,0.10710875140786016
0,F02553,2.027871810244596,0.0,1.0,0.0236982303544606,0.3412327434514868,0.0263345544597541,Fiastyúk utca,0.7581197284861281,0.1053226840597448
0,F00796,1.9293204501872512,0.0,1.0,0.0244993469800738,0.3414997823266912,0.0260415012793715,Szent István tér (Újpesti piac),0.7837479002783432,0.10415064419944235
0,F02591,1.979386583195846,0.0,1.0,0.022805055408108,0.3409350184693693,0.0254873553742077,Lehel utca / Róbert Károly körút,0.7295465591949455,0.10193438744895239
0,F00797,1.9541178276837396,0.0,1.0,0.0230898330370521,0.341029944345684,0.0254625779971535,Újpest-központ M,0.7386567558427466,0.1018352925559934
0,F02674,2.027806936899452,0.0,1.0,0.0219714239142531,0.340657141304751,0.0253565045045737,Frangepán utca,0.7028782184654527,0.10141106115450263
0,F02587,1.9793415585312164,0.0,1.0,0.0216182970823828,0.3405394323607942,0.02481500883292,Béke tér,0.6915814923431037,0.099245397876149
0,F02585,2.003013501803637,0.0,1.0,0.0204328872849942,0.3401442957616647,0.0242855998095337,Béke tér,0.6536595656718202,0.09712807406139826
0,F00818,1.879970948084084,0.0,1.0,0.0216088870362483,0.3405362956787494,0.0241042745554544,Tél utca / Pozsonyi utca,0.69128045967046,0.09640288000213908
0,F02673,1.905055332433053,0.0,1.0,0.0204914296229387,0.3401638098743129,0.0236480178338231,Frangepán utca,0.6555323680154379,0.09457812224457168
0,F00823,1.9295055765621387,0.0,1.0,0.0199425592437856,0.3399808530812618,0.0234964656795235,Angyalföld kocsiszín,0.6379736956338395,0.0939720030223819
0,F02593,2.002949419596856,0.0,1.0,0.0190327807223103,0.3396775935741034,0.0234383664928285,Lehel utca / Róbert Károly körút,0.6088693686285304,0.09373964054616232
0,F02554,1.9544747891896723,0.0,1.0,0.0194180932601879,0.3398060310867293,0.0233528352951364,Fiastyúk utca,0.621195733602997,0.09339756620708263
0,F02659,1.954412289259727,0.0,1.0,0.0183929734131757,0.3394643244710586,0.022727649972562,Rokolya utca,0.5884015726695268,0.09089719369047405
0,091816,1.9048116618202409,0.0,1.0,0.0177840467284936,0.3392613489094978,0.0220288972223945,Angyalföld vasútállomás,0.5689216652690884,0.08810259485819721
0,F02621,2.002821255183399,0.0,1.0,0.0165382500340323,0.3388460833446774,0.0218476889000471,Lehel utca / Dózsa György út,0.5290679277693958,0.08737786845689219
0,F02544,1.904872579473398,0.0,1.0,0.0174115692034022,0.3391371897344674,0.0217973755482107,Gyöngyösi utca,0.5570058995783255,0.0871766447275309
0,F01061,2.052226918764936,0.0,1.0,0.0154097222642741,0.3384699074214247,0.0213771512719705,Dévai utca,0.49296568918021344,0.08549599549732174
0,F04404,50.17409627661369,0.0,1.0,0.0005583392437941,0.3335194464145981,0.0211719715261319,Városház tér,0.01786158669137334,0.08467539754189424
0,F01062,1.903751330294632,0.0,1.0,0.013335885223755,0.3377786284079183,0.0190700911684438,Dévai utca,0.4266224749162469,0.07626911593260673
0,F02624,1.928413664753574,0.0,1.0,0.0123758030081376,0.3374586010027125,0.018503808903739,Lehel utca / Dózsa György út,0.39590890441999155,0.07400432090274288
0,F02668,1.9530744169359155,0.0,1.0,0.0114594312189674,0.3371531437396557,0.0179326231402743,Hun utca,0.366593655069852,0.07171991477023135
0,F00725,1.4593938386622252,0.0,1.0,0.0131210540804227,0.3377070180268076,0.0162521397578781,"Káposztásmegyer, Megyeri út",0.41974990571519716,0.0649989724956142
0,009155,0.7563447653526258,0.0,1.0,0.0146640658484658,0.3382213552828219,0.0113819763539623,Atlétikai stadion,0.4691117207175377,0.04552119160914223
0,F00744,0.7563164981545251,0.0,1.0,0.014377575219307,0.3381258584064357,0.0112699538744051,Óceán-árok utca,0.4599467242286413,0.04507316776882895
0,F00827,0.7695418890625024,0.0,1.0,0.0137742818097451,0.3379247606032483,0.0111628530627653,Bőröndös utca,0.44064702847020043,0.04464482769707632
0,F00736,0.7562952118062509,0.0,1.0,0.0140814080290805,0.3380271360096935,0.0111530576962638,Járműtelep utca,0.45047216910437016,0.04460565200899411
0,F00905,0.7695202292694742,0.0,1.0,0.0134547291558756,0.3378182430519585,0.0110323962627091,Bőrfestő utca,0.4304243592005953,0.044123077448490505
0,F00826,0.7163827571509407,0.0,1.0,0.0124030516158456,0.3374676838719486,0.0100802211877224,Bőröndös utca,0.39678060271848187,0.04031493880138887
0,F00904,0.6898758500609949,0.0,1.0,0.0127712753519206,0.3375904251173069,0.0099593358465793,Bőrfestő utca,0.4085602873042038,0.039831468742606346
0,F00735,0.7163625911367424,0.0,1.0,0.0120135804685359,0.3373378601561786,0.0099204969711496,Járműtelep utca,0.38432120148745136,0.039676136150502986
0,F00743,0.7163424251225343,0.0,1.0,0.0115994593270893,0.3371998197756964,0.009747819585121,Óceán-árok utca,0.3710732330687982,0.03898552846238955
0,009154,0.7163222591083107,0.0,1.0,0.0111564885653964,0.3370521628551322,0.0095596894151372,Atlétikai stadion,0.35690234905936397,0.03823311875348029
0,F03028,0.5274836367201672,0.0,1.0,0.0048577086073284,0.3349525695357762,0.0050052913569608,"Rákospalota, Kossuth utca",0.15540083269379448,0.020018212991671967
0,F03019,0.2522503100535395,0.0,1.0,0.0087984173410737,0.3362661391136912,0.0025432957178626,Géza fejedelem tér,0.2814663232635396,0.010171682675411131
0,F03024,0.2522625464163797,0.0,1.0,0.0065517972666073,0.3355172657555358,0.0021949916304228,Fő út,0.20959568248612118,0.008778671777345341
0,F03023,0.2866897944795932,0.0,1.0,0.0034225494067862,0.3344741831355953,0.002099999855676,Dal utca,0.10948928203471214,0.008398760710491442
0,F03020,0.2867063459123121,0.0,1.0,0.0021506372611388,0.3340502124203796,0.001664841129809,Géza fejedelem tér,0.06880009655150507,0.006658382491054209
0,F03756,1.6745354341874985,0.0,1.0,0.0,0.3333333333333333,0.0,Margó Tivadar utca,0.0,0.0
0,F03771,1.6544090362803718,0.0,1.0,0.0,0.3333333333333333,0.0,Baross utca,0.0,0.0
0,F03791,3.2284954536322386,0.0,1.0,0.0,0.3333333333333333,0.0,"Pestszentlőrinc, Béke tér",0.0,0.0
0,009753,110.8345236297414,0.0,1.0,0.0,0.3333333333333333,0.0,Blaha Lujza tér M (Népszínház utca),0.0,0.0
0,099633,81.39699593731271,0.0,1.0,0.0,0.3333333333333333,0.0,Kelenföld vasútállomás M,0.0,0.0
0,008864,35.21101723092831,0.0,1.0,0.0,0.3333333333333333,0.0,Savoya Park,0.0,0.0
0,008003,2.8955726650994733,0.0,1.0,0.0,0.3333333333333333,0.0,Budagyöngye,0.0,0.0
0,F04031,2.0174234766032946,0.0,1.0,0.0,0.3333333333333333,0.0,Villanytelep,0.0,0.0
0,F03803,1.634497995183322,0.0,1.0,0.0,0.3333333333333333,0.0,Honvéd utca,0.0,0.0
0,F03734,1.6543115999495002,0.0,1.0,0.0,0.3333333333333333,0.0,Lajosmizsei sorompó,0.0,0.0
0,F03741,1.6543359542119505,0.0,1.0,0.0,0.3333333333333333,0.0,Tinódi utca,0.0,0.0
0,F03805,1.614176452620299,0.0,1.0,0.0,0.3333333333333333,0.0,Honvéd utca,0.0,0.0
0,F03884,1.614200215208902,0.0,1.0,0.0,0.3333333333333333,0.0,Bajcsy-Zsilinszky út,0.0,0.0
0,F03853,1.6142714842243122,0.0,1.0,0.0,0.3333333333333333,0.0,Ungvár utca,0.0,0.0
0,F03708,1.6144140952321522,0.0,1.0,0.0,0.3333333333333333,0.0,Thököly út,0.0,0.0
0,F03710,1.634257388609857,0.0,1.0,0.0,0.3333333333333333,0.0,Thököly út,0.0,0.0
0,F03718,1.6342814608939833,0.0,1.0,0.0,0.3333333333333333,0.0,Szarvas csárda tér,0.0,0.0
0,F03822,1.63430552977554,0.0,1.0,0.0,0.3333333333333333,0.0,Madarász utca,0.0,0.0
0,F03690,1.6343295986570985,0.0,1.0,0.0,0.3333333333333333,0.0,Iparvasút,0.0,0.0
0,F03854,1.6344017706501608,0.0,1.0,0.0,0.3333333333333333,0.0,Ungvár utca,0.0,0.0
0,F03946,0.7000675524817319,0.0,1.0,0.0,0.3333333333333333,0.0,Kossuth tér,0.0,0.0
0,F03932,0.7001093877763951,0.0,1.0,0.0,0.3333333333333333,0.0,Lehel utca,0.0,0.0
0,F03900,0.7001512230710617,0.0,1.0,0.0,0.3333333333333333,0.0,Corvin körút,0.0,0.0
0,F03739,1.533783701792746,0.0,1.0,0.0,0.3333333333333333,0.0,Tinódi utca,0.0,0.0
0,F03737,1.5338062716391614,0.0,1.0,0.0,0.3333333333333333,0.0,Lajosmizsei sorompó,0.0,0.0
0,F03930,1.3142085042825062,0.0,1.0,0.0,0.3333333333333333,0.0,Határ út M,0.0,0.0
0,F03899,0.6032792881658507,0.0,1.0,0.0,0.3333333333333333,0.0,Corvin körút,0.0,0.0
0,F04030,0.6465637569576898,0.0,1.0,0.0,0.3333333333333333,0.0,Villanytelep,0.0,0.0
0,F03903,0.6465251348574955,0.0,1.0,0.0,0.3333333333333333,0.0,Árpád utca,0.0,0.0
0,F03953,0.6357117405764658,0.0,1.0,0.0,0.3333333333333333,0.0,Fő utca,0.0,0.0
0,F03947,0.6356737652097284,0.0,1.0,0.0,0.3333333333333333,0.0,Kossuth tér,0.0,0.0
0,F03931,0.624862305312458,0.0,1.0,0.0,0.3333333333333333,0.0,Lehel utca,0.0,0.0
0,F03904,0.6999838738138907,0.0,1.0,0.0,0.3333333333333333,0.0,Árpád utca,0.0,0.0
0,F03954,0.7000257131478108,0.0,1.0,0.0,0.3333333333333333,0.0,Fő utca,0.0,0.0
0,F02313,0.206493764919188,0.0,1.118421052631579,0.0,0.3728070175438596,0.0,"Széchenyi-hegy, Gyermekvasút",0.0,0.0
0,F02330,0.206493764919188,0.0,1.0,0.0,0.3333333333333333,0.0,Városmajor,0.0,0.0
0,F03823,1.5538278018474572,0.0,1.0,0.0,0.3333333333333333,0.0,Madarász utca,0.0,0.0
0,F03719,1.5538506841583863,0.0,1.0,0.0,0.3333333333333333,0.0,Szarvas csárda tér,0.0,0.0
0,F03755,1.553942199471941,0.0,1.0,0.0,0.3333333333333333,0.0,Margó Tivadar utca,0.0,0.0
0,F03692,1.573984204205826,0.0,1.0,0.0,0.3333333333333333,0.0,Iparvasút,0.0,0.0
0,F03833,1.5741000947634112,0.0,1.0,0.0,0.3333333333333333,0.0,Kemény Zsigmond utca,0.0,0.0
0,F03885,1.5941165511120834,0.0,1.0,0.0,0.3333333333333333,0.0,Bajcsy-Zsilinszky út,0.0,0.0
0,F03768,1.5942573958950277,0.0,1.0,0.0,0.3333333333333333,0.0,Baross utca,0.0,0.0
1,CSF00954,123.00435526437096,1.0,1.0,0.4873818163554412,0.8291272721184804,1.0,Deák Ferenc tér,1.0,1.0
1,CS056227,59.50969989854238,1.0,1.0,0.3244661862227782,0.7748220620742594,0.6558969027071909,Kálvin tér,0.8328665281863421,0.6192027771966164
1,CS056233,43.25375165965852,1.0,0.5,0.0957145642800157,0.5319048547600053,0.4546354952589249,Keleti pályaudvar,0.5981925885086902,0.4390130972741599
1,CSF00956,15.01371034368482,1.0,1.0,0.181155558804393,0.7270518529347977,0.2684389570968071,Arany János utca,0.685845627314375,0.23740323758388207
1,CS056225,15.198554577006266,1.0,1.0,0.1307806432742428,0.7102602144247476,0.2678451169745593,Fővám tér,0.6341665188211147,0.23045558850184097
1,CSF02637,15.296088472977194,1.0,1.0,0.0756731487515633,0.6918910495838544,0.265663965376103,Göncz Árpád városközpont,0.5776323061428864,0.22102944443052283
1,CSF00936,14.958167335692288,1.0,1.0,0.1484479824783097,0.7161493274927699,0.2656523338026988,Nyugati pályaudvar,0.6522912606674358,0.2308570924426047
1,CSF02613,15.064739692539575,1.0,1.0,0.1216242487580557,0.7072080829193519,0.2654480176082616,Lehel tér,0.6247730677229008,0.22718394081066723
1,CSF01188,14.883038439454818,1.0,1.0,0.1578716196719087,0.7192905398906362,0.2651919394928679,Corvin-negyed,0.6619588732838311,0.2316510374671981
1,CS056223,15.143322964983742,1.0,1.0,0.0981036426116876,0.6993678808705625,0.2650374577591025,Szent Gellért tér - Műegyetem,0.6006435194333778,0.22365232313827982
1,CSF02682,15.193547471639736,1.0,1.0,0.0541408257049716,0.684713608568324,0.262917260439386,Forgách utca,0.5555425170658064,0.21564225761410358
1,CS056221,15.027177481284747,1.0,1.0,0.0694342541052505,0.6898114180350835,0.2616557485281063,Móricz Zsigmond körtér,0.5712318881985259,0.21681129979790034
1,CSF01232,14.683894029550594,1.0,1.0,0.1279413327830193,0.7093137775943398,0.2605827057952278,Semmelweis Klinikák,0.6312536993478162,0.22384065081834484
1,CSF00897,15.154708514853777,1.0,1.0,0.0094130285705539,0.6698043428568513,0.2595258179646194,Újpest-Városkapu,0.5096567293389636,0.20613705664530352
1,CSF01878,14.90712913822946,1.0,1.0,0.0338717759756473,0.6779572586585491,0.2577846564368178,Pöttyös utca,0.5347487071111257,0.20846894980200367
1,CSF00958,14.560430416145651,1.0,1.0,0.1034600323349901,0.7011533441116633,0.2573611693532638,Kossuth Lajos tér,0.6061385846405255,0.21788788425777755
1,CSF00062,14.718969796871304,1.0,1.0,0.0628305646050679,0.6876101882016893,0.2570464344644714,Batthyány tér,0.5644572309600143,0.2120638068191315
1,CSF01493,14.603531076647991,1.0,1.0,0.0563357842533384,0.6854452614177795,0.2550563409196708,Ecseri út,0.5577943024984066,0.2095064379011684
1,CSF01282,14.485165054587537,1.0,1.0,0.0788191899949892,0.6929397299983298,0.2548023782808197,Népliget,0.5808597975447523,0.21242322883986467
1,CS056219,14.597040704583572,1.0,1.0,0.0424409379931097,0.6808136459977033,0.2541040498133631,Újbuda-központ,0.543539722419761,0.20673961589831208
1,CSF02684,14.642685009913825,1.0,1.0,0.0324105005792377,0.6774701668597459,0.254103813006192,Gyöngyösi utca,0.5332495996892107,0.2052777900506192
1,CSF01324,13.702848353930053,1.0,1.0,0.0558514607617658,0.6852838202539219,0.2423044940633164,Puskás Ferenc Stadion,0.5572974400023923,0.19896668049183594
1,CSF01541,13.829613901361824,1.0,1.0,0.0102894255759587,0.6700964751919862,0.2414146660292535,Határ út,0.5105558160262331,0.191878890025754
1,CSF01252,14.41603019206575,1.0,0.5,0.1022844690606029,0.5340948230202011,0.2228518472866523,Nagyvárad tér,0.6049325863503371,0.21595891868117664
1,CSF00952,15.147337626391584,0.2640426787223984,1.0,0.0925397821089231,0.4521941536104405,0.2131600627863482,Ferenciek tere,0.22695695144549888,0.1375072867499996
1,CSF00996,11.42463051713443,1.0,1.0,0.1811555588043935,0.7270518529347978,0.212863603378324,Bajcsy-Zsilinszky út,0.6858456273143756,0.18825325933434187
1,CSF01079,11.459692796316368,1.0,1.0,0.1484479824783097,0.7161493274927699,0.2118698774730128,Opera,0.6522912606674358,0.1841190822208909
1,CSF01095,11.52943897613912,1.0,1.0,0.0756731487515631,0.6918910495838544,0.2094349047403795,Kodály körönd,0.5776323061428862,0.17424749560442096
1,CSF01092,11.419446581387373,1.0,1.0,0.0978475101521707,0.699282503384057,0.2086699043001207,Vörösmarty utca,0.6003807557736334,0.17605869065733945
1,CSF01085,11.256871222229188,1.0,1.0,0.1216242487580557,0.7072080829193519,0.2070219202445888,Oktogon,0.6247730677229008,0.17717990926858423
1,CSF01100,11.288922525202242,1.0,1.0,0.0541408257049716,0.684713608568324,0.2042543284897792,Bajza utca,0.5555425170658064,0.1675274740402341
1,CSF01102,11.029929003833484,1.0,1.0,0.0324105005792376,0.6774701668597459,0.1986954964545224,Hősök tere,0.5332495996892106,0.1605161761354643
1,CSF02696,10.716144119751709,1.0,1.0,0.0094130285705537,0.6698043428568513,0.1920383900045375,Széchenyi fürdő,0.5096567293389633,0.15253291094081037
1,CSF02680,15.146870796712644,1.0,0.0,0.0978475101521707,0.3659491700507236,0.1917535485293721,Dózsa György út,0.6003807557736334,0.2236438748097033
1,CS056231,15.328357148302068,0.0552171467181676,1.0,0.0175819777709633,0.3575997081630437,0.1913001781056631,II. János Pál pápa tér,0.045645743787843696,0.06223397496759169
1,CS056229,14.79737179516235,0.0674545115126617,1.0,0.0257105141265752,0.3643883418797456,0.1879019425759389,Rákóczi tér,0.060103408152448204,0.06948789934046976
1,CSF01291,14.775187497108949,0.0693960136252941,1.0,0.0243486225556964,0.3645815453936634,0.1877310659705782,Blaha Lujza tér,0.05967700863279217,0.06915967256064078
1,CSF02480,14.729772595254026,1.0,0.0,0.0268027342362222,0.3422675780787407,0.181456868696562,Széll Kálmán tér,0.527496649789531,0.2051214058622183
1,CS056217,14.447629044290183,1.0,0.0,0.0153662511635135,0.3384554170545045,0.1777104208178286,Bikás park,0.5157640792576339,0.19975529806202455
1,CSF01742,14.360518346065376,1.0,0.0,0.0227679985076193,0.3409226661692064,0.1775015108675315,Pillangó utca,0.5233574558421922,0.20025525617127102
1,CSF01749,7.066483768381301,0.0,1.0,0.0,0.3333333333333333,0.0766975556155603,Örs vezér tere,0.0,0.0
1,CSF01018,14.867738043275914,0.0856130006637545,0.0,0.0375417558228869,0.0410515854955471,0.0633030305500299,Astoria,0.08132020207768488,0.08112773648280087
1,CSF00964,5.700297325242078,0.0,0.0,0.0075558092656719,0.0025186030885573,0.0030291665885149,Vörösmarty tér,0.007751427127680885,0.00483887860174032
1,CS056215,7.495045678849986,0.0,0.0,0.0,0.0,0.0,Kelenföld vasútállomás,0.0,0.0
1,CSF01543,6.523707703604886,0.0,0.0,0.0,0.0,0.0,Kőbánya-Kispest [D],0.0,0.0
1,CSF00912,7.910822719094975,0.0,0.0,0.0,0.0,0.0,Újpest-központ,0.0,0.0
1,CSF02887,5.344883203193818,0.0,1.0,0.0,0.3333333333333333,0.0,Mexikói út,0.0,0.0
1,CSF00093,7.456894111947498,0.0,0.0,0.0,0.0,0.0,Déli pályaudvar,0.0,0.0
3,F02201,142.74485146214855,0.0,1.0,0.0002032888523775,0.3334010962841258,0.0122431049167067,Móricz Zsigmond körtér M,0.005548462806799535,0.05134229411176323
3,038688,300.4028569492738,0.0,1.0,7.293295331236778e-05,0.3333576443177708,0.0106391702468291,Kőbánya-Kispest M,0.0019905950282619036,0.044616084860304626
3,066711,0.0830114487645327,0.0,1.6443298969072164,0.0,0.5481099656357388,0.0106145952932519,Rákoscsaba-Újtelep vasútállomás,0.0,0.0
3,F04724,82.56814044730311,0.0,1.0,0.0001466903619742,0.3333822301206581,0.0079087357313414,Budaörsi lakótelep,0.004003692322579576,0.03316582180199496
3,F03165,253.05746714213544,0.0,1.0,4.1763973675791896e-05,0.3333472546578919,0.0073892041103309,"Újpalota, Nyírpalota út",0.0011398847103233174,0.030987130573911694
3,038670,189.89689679716423,0.0,1.0,5.3604754952440505e-05,0.3333512015849841,0.007251598202258,Kőbánya-Kispest M,0.0014630609875691256,0.030410070828714268
3,F00573,86.28519696498199,0.0,1.0,8.943591376399736e-05,0.333363145304588,0.0063129117399815,"Óbuda, Bogdáni út",0.0024410184587504357,0.026473625233207187
3,F01376,70.83356967342199,0.0,1.0,9.240538803756351e-05,0.3333641351293459,0.0058136220876573,Boráros tér H,0.0025220657831361063,0.024379820079113726
3,F04014,44.79188864624378,0.0,1.0,0.0001436772748632,0.3333812257582877,0.0057634774381241,Határ út M,0.003921454651534113,0.024169535076905065
3,009160,115.44607009960838,0.0,1.0,3.65973220899605e-05,0.3333455324406966,0.0046714434869332,Keleti pályaudvar M,0.0009988687430215598,0.019590016345058536
3,F01154,29.71235646757311,0.0,1.0,8.759836062119112e-05,0.3333625327868737,0.0036642598186177,Keleti pályaudvar M,0.002390865215475467,0.015366323051979418
3,061277,0.1077919525045283,0.0,1.0,0.0366387699541526,0.3455462566513842,0.0033314042139321,Kelenföld vasútállomás M,1.0,0.013970470409308022
3,F01460,14.928891621494442,0.0,1.0,0.0001170160464536,0.3333723386821512,0.0029995042279214,Határ út M,0.0031937766087678805,0.012578625218610725
3,075744,0.090118784477301,0.0,1.0,0.0355469264768733,0.3451823088256244,0.0027425032460754,Sasadi út,0.970199778031698,0.011500874101826679
3,F00276,35.00931125256816,0.0,1.0,3.757140432903228e-05,0.3333458571347763,0.002605221624292,Pasaréti tér,0.001025454849495404,0.010925174273254406
3,F02885,62.40876636695638,0.0,1.0,1.9321223232390435e-05,0.3333397737410775,0.0024951595980871,Mexikói út M,0.0005273436651003232,0.010463621672114563
3,F01159,0.1515188124062748,0.0,1.0,0.0116610375841344,0.3372203458613781,0.0024833496539646,Keleti pályaudvar M,0.3182704440876774,0.01041409586731851
3,F01016,0.0991606657488057,0.0,1.0,0.0221503820900811,0.3407167940300271,0.0023920010525128,Astoria M,0.6045612917081732,0.010031019287125454
3,F01170,0.0986851835036087,0.0,1.0,0.0217965550549456,0.3405988516849819,0.0023615078379973,Uránia,0.59490411611035,0.009903143915745385
3,F04577,38.42306014299093,0.0,1.0,2.525797605392889e-05,0.3333417526586846,0.0022379303124903,Szentlőrinci úti lakótelep,0.0006893783848512135,0.00938491314801544
3,F04398,0.0765155054798403,0.0,1.0,0.0340780267815701,0.3446926755938567,0.002194340112847,Savoyai Jenő tér,0.9301083749321593,0.009202114677733195
3,F01166,0.1066043036239797,0.0,1.0,0.0136586689306789,0.337886222976893,0.0020133374104014,Blaha Lujza tér M,0.3727927806465796,0.00844306752039745
3,056427,16.6520818145525,0.0,1.0,4.090053786387583e-05,0.3333469668459546,0.0018732080099996,Deák Ferenc tér M,0.0011163185313004813,0.007855425338281069
3,008865,8.764162929577743,0.0,1.0,6.641634632303665e-05,0.333355472115441,0.001729419563401,Savoya Park,0.001812734063019741,0.007252438696784419
3,F01931,0.0815686760371373,0.0,1.0,0.0148457349638322,0.3382819116546107,0.0015764823241677,Gazdagréti út,0.40519195874777447,0.00661108597043726
3,F00951,0.0713556981005337,0.0,1.0,0.0181059003331973,0.3393686334443991,0.0014406850412451,Ferenciek tere M,0.4941732584323617,0.006041610817947525
3,009537,0.0708122917407282,0.0,1.0,0.0184676490740725,0.3394892163580241,0.0014370758485777,Március 15. tér,0.5040466450479022,0.006026475422743832
3,011727,5.603419247063417,0.0,1.0,5.934607088287002e-05,0.3333531153569609,0.0013050826479245,Rákospatak utca / Csömöri út,0.0016197615519607201,0.005472952948273777
3,F04191,0.0723292885548993,0.0,1.0,0.0134075336563139,0.3378025112187713,0.0012666591986411,Görgey Artúr tér,0.3659384218709096,0.005311821597418158
3,F04278,0.0717679959614071,0.0,1.0,0.0137295548647172,0.3379098516215724,0.0012661517313041,Karácsony Sándor utca,0.37472750536924365,0.005309693498586426
3,016729,7.65150225720311,0.0,1.0,3.472848955484049e-05,0.3333449094965182,0.001168007753326,Naphegy tér,0.0009478617758810541,0.004898120044232201
3,F00290,17.20662956020242,0.0,1.0,1.3747085810654835e-05,0.3333379156952702,0.0011039799348642,Fenyves utca,0.0003752059861140823,0.004629615027790574
3,082357,0.0562761812786512,0.0,1.0,0.0304778488621943,0.3434926162873981,0.0010578351716376,Közvágóhíd H,0.8318469451985512,0.004436103821170952
3,F00583,0.0583389368453305,0.0,1.0,0.0172674404215319,0.3390891468071773,0.0009044531069689,Raktár utca,0.4712887589605019,0.0037928856890656355
3,F04508,12.69198428438208,0.0,1.0,1.2361993724535604e-05,0.3333374539979081,0.0008986601869219,"Nagytétény, ipartelep",0.0003374019853833687,0.0037685926844078397
3,F00155,0.0627830703542337,0.0,1.0,0.0114247278719958,0.3371415759573319,0.0008964354871605,Városmajor,0.3118207266862935,0.003759263254472583
3,048277,3.4483986172419003,0.0,1.0,4.418731604535229e-05,0.3333480624386817,0.0008809846240761,Kőbánya alsó vasútállomás,0.0012060261875779525,0.0036944690080664435
3,F03950,0.0819236780082297,0.0,1.0,0.004203638567727,0.3347345461892423,0.0008434656403603,Simonyi Zsigmond utca,0.11473197852949657,0.0035371305951532837
3,F00611,0.057754995741414,0.0,1.0,0.0156064289790764,0.3385354763263588,0.0008320190135565,Flórián tér,0.4259539552939491,0.0034891283862411196
3,011577,4.052531415763626,0.0,1.0,3.177781734488801e-05,0.3333439259391149,0.0008107813841799,"Soroksár, központi raktárak",0.0008673276254812246,0.003400066941362754
3,082617,0.0570009612857701,0.0,1.0,0.0140562075083457,0.3380187358361152,0.0007541388773486,Sasadi út,0.3836429969110517,0.0031625327321274264
3,F02219,4.5579353953048365,0.0,1.0,1.416901848986768e-05,0.3333380563394966,0.0005745502841088,Albertfalva vasútállomás,0.00038672200261083764,0.002409415738037733
3,F02372,13.397379070154004,0.0,1.0,4.67636326862707e-06,0.3333348921210895,0.0005679302274968,Regőczi István tér,0.00012763428669900138,0.0023816540798687526
3,F01870,0.0602862850333236,0.0,1.0,0.005592547116689,0.335197515705563,0.0005667612978227,Felsőcsatári út,0.15264014386091984,0.0023767520936849714
3,F00838,0.060395121549106,0.0,1.0,0.0051209015436663,0.3350403005145554,0.000544984808904,Víztorony,0.13976728886025014,0.0022854309046243314
3,F02382,1.7832826437011986,0.0,1.0,2.904350480825326e-05,0.3333430145016027,0.0005101436093613,"Zugliget, Libegő",0.0007926986862440096,0.0021393219619727844
3,F01164,0.0729319511480948,0.0,1.0,0.0020071679573374,0.3340023893191124,0.0004964274663039,Blaha Lujza tér M,0.054782623975887866,0.002081802382119367
3,F04145,0.0734630617400304,0.0,1.0,0.0014271335479289,0.3338090445159763,0.0004232495172506,"Pesterzsébet, Baross utca",0.03895145906139107,0.0017749256700147868
3,038693,5.077380811756233,0.0,1.0,6.300536529637501e-06,0.3333354335121765,0.0004045990422081,Kőbánya-Kispest M,0.000171963647729484,0.001696713632993276
3,094505,0.2647916805501227,0.0,1.0,0.0001411105827646,0.3333803701942548,0.000396510476988,Liszt Ferenc Airport 2,0.0038514006594974858,0.001662793683988965
3,F01162,0.0541413401210768,0.0,1.0,0.0048263858073063,0.3349421286024354,0.0003520838917691,Huszár utca,0.13172892576212927,0.001476487773829496
3,F04315,0.056772366134448,0.0,1.0,0.0026014182914189,0.3342004727638063,0.0003196602288247,Kossuth Lajos utca / Ady Endre út,0.07100179112656205,0.0013405169355169744
3,F00836,0.0531830748764678,0.0,1.0,0.0045147320286295,0.3348382440095432,0.0003059465943987,Árpád üzletház,0.1232228056312738,0.001283007875778567
3,F04321,0.0574942912899221,0.0,1.0,0.0020176297164035,0.3340058765721345,0.0002945813474922,Kiss János altábornagy utca,0.05506816192050748,0.0012353469390062805
3,F00886,0.0525600078835348,0.0,1.0,0.0042490746009853,0.3347496915336618,0.000272791906831,Árpád Kórház,0.11597208657120091,0.0011439714359320347
3,F00158,0.0533854318464734,0.0,1.0,0.001864250584484,0.333954750194828,0.0002014958125214,Városmajor,0.050881909704305124,0.0008449864098320039
3,F03594,0.0720421061317098,0.0,1.0,0.0003349609333307,0.3334449869777769,0.0001989632199654,Szent kereszt tér,0.009142253786080934,0.0008343658105019687
3,F00930,0.0502633859205453,0.0,1.0,0.0065626507101072,0.3355208835700358,0.0001924929759012,Jászai Mari tér,0.17911765919869252,0.0008072324014546286
3,F03541,0.0707094430893668,0.0,1.0,0.0001438793436138,0.3333812931145379,0.000126543162979,Bakancsos utca,0.003926969813501964,0.0005306673703852772
3,F03721,0.0495433724873852,0.0,1.0,0.0010562424624431,0.3336854141541477,4.509927432994005e-05,Szarvas csárda tér,0.028828545930030237,0.00018912687775104423
3,008381,189.5305196421078,0.0,1.0,0.0,0.3333333333333333,0.0,Kőbánya alsó vasútállomás,0.0,0.0
3,F03145,108.50546029949732,0.0,1.0,0.0,0.3333333333333333,0.0,"Újpalota, Szentmihályi út",0.0,0.0
3,F02757,157.71816538624344,0.0,1.0,0.0,0.3333333333333333,0.0,Örs vezér tere M+H,0.0,0.0
3,008469,84.56945185168512,0.0,1.0,0.0,0.3333333333333333,0.0,Gubacsi út / Határ út,0.0,0.0
3,F01755,75.3044724790785,0.0,1.0,0.0,0.3333333333333333,0.0,Örs vezér tere M+H,0.0,0.0
3,008005,62.64328876071095,0.0,1.0,0.0,0.3333333333333333,0.0,Móricz Zsigmond körtér M,0.0,0.0
3,F04790,58.691189257024426,0.0,1.0,0.0,0.3333333333333333,0.0,"Budakeszi, Dózsa György tér",0.0,0.0
3,067622,58.30748957560135,0.0,1.0,0.0,0.3333333333333333,0.0,"Csepel, Csillagtelep",0.0,0.0
3,F02996,7.78023016708583,0.0,1.0,0.0,0.3333333333333333,0.0,"Rákospalota, Csömöri-patak",0.0,0.0
3,011768,21.869429912161053,0.0,1.0,0.0,0.3333333333333333,0.0,"Rákoscsaba-Újtelep, Tóalmás utca",0.0,0.0
3,F02269,25.221433764389374,0.0,1.0,0.0,0.3333333333333333,0.0,"Csillebérc, KFKI",0.0,0.0
3,008772,24.52776893141546,0.0,1.0,0.0,0.3333333333333333,0.0,Pestszentlőrinc vasútállomás,0.0,0.0
3,F00641,51.05211956800792,0.0,1.0,0.0,0.3333333333333333,0.0,"Békásmegyer, Újmegyeri tér",0.0,0.0
3,008472,51.02552858604769,0.0,1.0,0.0,0.3333333333333333,0.0,Dél-pesti autóbuszgarázs,0.0,0.0
3,007972,135.22554648536033,0.0,1.0,0.0,0.3333333333333333,0.0,Hűvösvölgy,0.0,0.0
3,007999,176.08111523495344,0.0,1.0,0.0,0.3333333333333333,0.0,Budatétény vasútállomás (Campona),0.0,0.0
3,038681,86.28515434437568,0.0,1.0,0.0,0.3333333333333333,0.0,Kőbánya-Kispest M,0.0,0.0
3,084831,0.087357604226839,0.0,1.0,0.0,0.3333333333333333,0.0,Biztató út / Szakács utca,0.0,0.0
3,110369,0.0868855451533995,0.0,1.0,0.0,0.3333333333333333,0.0,Honfoglalás park,0.0,0.0
3,011724,7.353626108422364,0.0,1.0,0.0,0.3333333333333333,0.0,"Rákoskeresztúr, városközpont",0.0,0.0
3,044029,3.687352738592173,0.0,1.0,0.0,0.3333333333333333,0.0,Fenyőgyöngye,0.0,0.0
3,F00716,3.8058835260398034,0.0,1.0,0.0,0.3333333333333333,0.0,"Megyer, Szondi utca",0.0,0.0
3,007902,3.983933496817335,0.0,1.0,0.0,0.3333333333333333,0.0,Újpest-városkapu M,0.0,0.0
3,F03441,1.2280739890828258,0.0,1.0,0.0,0.3333333333333333,0.0,Rákoscsaba vasútállomás,0.0,0.0
3,044511,4.798762406597696,0.0,1.0,0.0,0.3333333333333333,0.0,"Solymár, PEMÜ",0.0,0.0
3,F03281,4.623484050397841,0.0,1.0,0.0,0.3333333333333333,0.0,Rákosszentmihály vasútállomás,0.0,0.0
3,091289,0.0874673016845342,0.0,1.0,0.0,0.3333333333333333,0.0,Kerecsen utca / Budapesti út,0.0,0.0
3,084946,0.0876095561680253,0.0,1.0,0.0,0.3333333333333333,0.0,Biztató út / Budapesti út,0.0,0.0
3,090995,0.0877574302738621,0.0,1.0,0.0,0.3333333333333333,0.0,Kerecsen utca / Hétvezér utca,0.0,0.0
3,075474,0.0909487155806395,0.0,1.0,0.0,0.3333333333333333,0.0,Malomdomb (áruház),0.0,0.0
3,084095,0.1001001162392223,0.0,1.0,0.0,0.3333333333333333,0.0,Kovács utca,0.0,0.0
3,072606,0.0998912251996543,0.0,1.0,0.0,0.3333333333333333,0.0,Szűcs utca,0.0,0.0
3,075684,0.1003300613466751,0.0,1.0,0.0,0.3333333333333333,0.0,Bóbitás út / Szakács utca,0.0,0.0
3,072669,0.1004335943785811,0.0,1.0,0.0,0.3333333333333333,0.0,Takács utca,0.0,0.0
3,F01801,4.933899837043122,0.0,1.0,0.0,0.3333333333333333,0.0,Kőbánya alsó vasútállomás,0.0,0.0
3,066722,0.0830114487645327,0.0,1.0,0.0,0.3333333333333333,0.0,Nyeremény utca,0.0,0.0
3,075152,0.0715124396487879,0.0,1.0,0.0,0.3333333333333333,0.0,Vágás utca (óvoda),0.0,0.0
3,084181,0.0794550627544772,0.0,1.0,0.0,0.3333333333333333,0.0,Menyhért utca / Budapesti út,0.0,0.0
3,234813,0.0578613404177649,0.0,1.0,0.0,0.3333333333333333,0.0,Csókakő utca,0.0,0.0
3,182813,0.0491707090937118,0.0,1.0,0.0,0.3333333333333333,0.0,"Árpádföld, Bekecs utca",0.0,0.0
