mode,stop_id,importance,delta_kemeny,delta_gap,delta_eff,vulnerability,criticality,stop_name
1,CSF00954,123.00435526437097,1.0,1.0,0.48738181635544126,0.8291272721184804,1.0,Deák Ferenc tér
1,CS056227,59.50969989854238,1.0,1.0,0.3244661862227782,0.7748220620742594,0.6558969027071909,Kálvin tér
1,CS056233,43.25375165965852,1.0,0.5,0.0957145642800157,0.5319048547600053,0.4546354952589249,Keleti pályaudvar
0,F01438,45.12316707359737,0.0,1.2236842105263157,0.0,0.40789473684210525,0.4017810268700986,Gubacsi út / Határ út
1,CSF00956,15.013710343684819,1.0,1.0,0.18115555880439302,0.7270518529347977,0.2684389570968071,Arany János utca
1,CS056225,15.198554577006266,1.0,1.0,0.1307806432742428,0.7102602144247476,0.2678451169745593,Fővám tér
1,CSF02637,15.296088472977194,1.0,1.0,0.0756731487515633,0.6918910495838544,0.26566396537610304,Göncz Árpád városközpont
1,CSF00936,14.958167335692288,1.0,1.0,0.14844798247830976,0.7161493274927699,0.2656523338026988,Nyugati pályaudvar
1,CSF02613,15.064739692539577,1.0,1.0,0.12162424875805573,0.7072080829193519,0.2654480176082616,Lehel tér
1,CSF01188,14.883038439454818,1.0,1.0,0.15787161967190874,0.7192905398906362,0.2651919394928679,Corvin-negyed
1,CS056223,15.143322964983742,1.0,1.0,0.09810364261168762,0.6993678808705625,0.26503745775910253,Szent Gellért tér - Műegyetem
1,CSF02682,15.193547471639736,1.0,1.0,0.054140825704971605,0.684713608568324,0.262917260439386,Forgách utca
1,CS056221,15.027177481284749,1.0,1.0,0.06943425410525055,0.6898114180350835,0.26165574852810636,Móricz Zsigmond körtér
1,CSF01232,14.683894029550594,1.0,1.0,0.12794133278301933,0.7093137775943398,0.26058270579522785,Semmelweis Klinikák
1,CSF00897,15.154708514853777,1.0,1.0,0.009413028570553905,0.6698043428568513,0.2595258179646194,Újpest-Városkapu
1,CSF01878,14.907129138229461,1.0,1.0,0.03387177597564733,0.6779572586585491,0.25778465643681786,Pöttyös utca
1,CSF00958,14.560430416145653,1.0,1.0,0.10346003233499013,0.7011533441116633,0.25736116935326386,Kossuth Lajos tér
1,CSF00062,14.718969796871304,1.0,1.0,0.06283056460506799,0.6876101882016893,0.25704643446447145,Batthyány tér
1,CSF01493,14.603531076647993,1.0,1.0,0.056335784253338496,0.6854452614177795,0.25505634091967083,Ecseri út
1,CSF01282,14.485165054587535,1.0,1.0,0.07881918999498926,0.6929397299983298,0.2548023782808197,Népliget
1,CS056219,14.597040704583572,1.0,1.0,0.042440937993109794,0.6808136459977033,0.25410404981336315,Újbuda-központ
1,CSF02684,14.642685009913825,1.0,1.0,0.03241050057923774,0.6774701668597459,0.254103813006192,Gyöngyösi utca
1,CSF01324,13.702848353930053,1.0,1.0,0.05585146076176588,0.6852838202539219,0.24230449406331642,Puskás Ferenc Stadion
1,CSF01541,13.829613901361823,1.0,1.0,0.010289425575958749,0.6700964751919862,0.24141466602925352,Határ út
1,CSF01252,14.41603019206575,1.0,0.5,0.10228446906060298,0.5340948230202011,0.2228518472866523,Nagyvárad tér
1,CSF00952,15.147337626391584,0.26404267872239845,1.0,0.09253978210892319,0.4521941536104405,0.21316006278634822,Ferenciek tere
1,CSF00996,11.42463051713443,1.0,1.0,0.18115555880439355,0.7270518529347978,0.212863603378324,Bajcsy-Zsilinszky út
1,CSF01079,11.459692796316368,1.0,1.0,0.14844798247830976,0.7161493274927699,0.21186987747301286,Opera
1,CSF01095,11.52943897613912,1.0,1.0,0.07567314875156315,0.6918910495838544,0.20943490474037954,Kodály körönd
1,CSF01092,11.419446581387373,1.0,1.0,0.09784751015217075,0.699282503384057,0.20866990430012078,Vörösmarty utca
1,CSF01085,11.256871222229188,1.0,1.0,0.12162424875805573,0.7072080829193519,0.20702192024458885,Oktogon
1,CSF01100,11.288922525202242,1.0,1.0,0.054140825704971605,0.684713608568324,0.2042543284897792,Bajza utca
1,CSF01102,11.029929003833484,1.0,1.0,0.032410500579237604,0.6774701668597459,0.1986954964545224,Hősök tere
1,CSF02696,10.716144119751707,1.0,1.0,0.009413028570553768,0.6698043428568513,0.19203839000453757,Széchenyi fürdő
1,CSF02680,15.146870796712644,1.0,0.0,0.09784751015217075,0.3659491700507236,0.19175354852937218,Dózsa György út
1,CS056231,15.328357148302068,0.05521714671816768,1.0,0.017581977770963313,0.3575997081630437,0.1913001781056631,II. János Pál pápa tér
1,CS056229,14.79737179516235,0.06745451151266171,1.0,0.025710514126575296,0.3643883418797456,0.18790194257593892,Rákóczi tér
1,CSF01291,14.775187497108949,0.06939601362529411,1.0,0.02434862255569646,0.36458154539366344,0.1877310659705782,Blaha Lujza tér
1,CSF02480,14.729772595254026,1.0,0.0,0.02680273423622229,0.34226757807874075,0.18145686869656208,Széll Kálmán tér
1,CS056217,14.447629044290183,1.0,0.0,0.015366251163513537,0.3384554170545045,0.1777104208178286,Bikás park
1,CSF01742,14.360518346065376,1.0,0.0,0.02276799850761936,0.34092266616920647,0.17750151086753152,Pillangó utca
0,F03834,1.6543846723773827,0.0,1.5,0.0,0.5,0.10785018409159874,Kemény Zsigmond utca
1,CSF01749,7.066483768381301,0.0,1.0,0.0,0.3333333333333333,0.07669755561556033,Örs vezér tere
0,F02476,124.68491150892042,0.0,1.0,0.0024637311884095183,0.33415457706280316,0.07019588575421688,Széll Kálmán tér M
1,CSF01018,14.867738043275914,0.08561300066375455,0.0,0.03754175582288692,0.041051585495547153,0.06330303055002996,Astoria
0,F00846,2.003809581025611,0.0,1.0263157894736843,0.027582705092663244,0.3512994981887825,0.03945195088227121,Rákospalota-Újpest vasútállomás
0,F02667,2.027612316864079,0.0,1.0263157894736843,0.017741205221530724,0.3480189982317383,0.03590413861275515,Hun utca
0,F00845,1.9290914247642579,0.0,1.0,0.03125921864846218,0.3437530728828207,0.029413652261843472,Rákospalota-Újpest vasútállomás
0,F02615,3.9312486678405207,0.0,1.0,0.01434500856213786,0.338115002854046,0.029299973280921054,Lehel tér M
0,F02545,2.052714331845311,0.0,1.0,0.02831396262124541,0.34277132087374845,0.02898078117809712,Gyöngyösi utca
0,F00819,2.0529113252960873,0.0,1.0,0.027944540195332143,0.3426481800651107,0.028792635088340113,Tél utca / Pozsonyi utca
0,091817,2.0280477072165297,0.0,1.0,0.02821912144213772,0.3427397071473792,0.028738277283313882,Angyalföld vasútállomás
0,F00798,2.0529769897796837,0.0,1.0,0.02782888408735356,0.3426096280291178,0.028733501133842463,Újpest-központ M
0,F00822,2.028112580561758,0.0,1.0,0.02807510264094441,0.3426917008803148,0.028665359731800455,Angyalföld kocsiszín
0,F00795,2.0282884775336374,0.0,1.0,0.027730161049824786,0.34257672034994163,0.028490094038955124,Szent István tér (Újpesti piac)
0,F00786,2.003617334404848,0.0,1.0,0.02765120295902109,0.3425504009863403,0.028256212835041077,Kiss Ernő utca
0,F00790,2.0036814166118417,0.0,1.0,0.027596006916047203,0.3425320023053491,0.028228500154827026,Újpesti rendelőintézet
0,F00881,2.003745498818741,0.0,1.0,0.02757032740604531,0.34252344246868177,0.028215866091339654,Szülőotthon
0,F00880,1.8796876685930153,0.0,1.0,0.029081474051606524,0.3430271580172022,0.027960781959395817,Szülőotthon
0,F02660,2.02791796052601,0.0,1.0,0.025712919170767613,0.3419043063902559,0.027431478207105883,Rokolya utca
0,F00792,1.9044637373141853,0.0,1.0,0.027401150934716387,0.3424670503115721,0.027341187519360235,Újpesti rendelőintézet
0,F00788,1.9292587413956197,0.0,1.0,0.025911708949321287,0.34197056964977374,0.026781137152434624,Kiss Ernő utca
0,F02553,2.027871810244596,0.0,1.0,0.023698230354460673,0.34123274345148685,0.026334554459754154,Fiastyúk utca
0,F00796,1.9293204501872512,0.0,1.0,0.02449934698007389,0.34149978232669126,0.026041501279371583,Szent István tér (Újpesti piac)
0,F02591,1.9793865831958461,0.0,1.0,0.022805055408108003,0.34093501846936936,0.025487355374207765,Lehel utca / Róbert Károly körút
0,F00797,1.9541178276837394,0.0,1.0,0.023089833037052192,0.34102994434568407,0.025462577997153547,Újpest-központ M
0,F02674,2.0278069368994522,0.0,1.0,0.021971423914253146,0.34065714130475105,0.025356504504573732,Frangepán utca
0,F02587,1.9793415585312164,0.0,1.0,0.021618297082382845,0.34053943236079426,0.024815008832920062,Béke tér
0,F02585,2.003013501803637,0.0,1.0,0.020432887284994258,0.3401442957616647,0.024285599809533796,Béke tér
0,F00818,1.8799709480840836,0.0,1.0,0.02160888703624831,0.34053629567874943,0.024104274555454486,Tél utca / Pozsonyi utca
0,F02673,1.905055332433053,0.0,1.0,0.020491429622938727,0.34016380987431294,0.02364801783382317,Frangepán utca
0,F00823,1.9295055765621387,0.0,1.0,0.019942559243785615,0.33998085308126186,0.023496465679523577,Angyalföld kocsiszín
0,F02593,2.002949419596856,0.0,1.0,0.019032780722310304,0.33967759357410343,0.023438366492828572,Lehel utca / Róbert Károly körút
0,F02554,1.9544747891896725,0.0,1.0,0.019418093260187903,0.3398060310867293,0.023352835295136452,Fiastyúk utca
0,F02659,1.954412289259727,0.0,1.0,0.01839297341317579,0.3394643244710586,0.022727649972562085,Rokolya utca
0,091816,1.9048116618202409,0.0,1.0,0.017784046728493638,0.33926134890949783,0.0220288972223945,Angyalföld vasútállomás
0,F02621,2.002821255183399,0.0,1.0,0.016538250034032316,0.3388460833446774,0.021847688900047173,Lehel utca / Dózsa György út
0,F02544,1.904872579473398,0.0,1.0,0.017411569203402283,0.33913718973446744,0.021797375548210794,Gyöngyösi utca
0,F01061,2.052226918764936,0.0,1.0,0.01540972226427412,0.33846990742142474,0.02137715127197057,Dévai utca
0,F04404,50.17409627661369,0.0,1.0,0.0005583392437941162,0.3335194464145981,0.02117197152613195,Városház tér
0,F01062,1.903751330294632,0.0,1.0,0.013335885223755067,0.33777862840791834,0.01907009116844383,Dévai utca
0,F02624,1.928413664753574,0.0,1.0,0.012375803008137655,0.3374586010027125,0.018503808903739098,Lehel utca / Dózsa György út
0,F02668,1.9530744169359153,0.0,1.0,0.01145943121896741,0.33715314373965577,0.017932623140274308,Hun utca
0,F00725,1.4593938386622252,0.0,1.0,0.013121054080422703,0.3377070180268076,0.016252139757878176,"Káposztásmegyer, Megyeri út"
3,F02201,142.74485146214857,0.0,1.0,0.0002032888523775303,0.33340109628412584,0.012243104916706755,Móricz Zsigmond körtér M
0,009155,0.7563447653526258,0.0,1.0,0.014664065848465859,0.33822135528282193,0.011381976353962342,Atlétikai stadion
0,F00744,0.7563164981545251,0.0,1.0,0.014377575219307074,0.3381258584064357,0.011269953874405145,Óceán-árok utca
0,F00827,0.7695418890625024,0.0,1.0,0.013774281809745147,0.33792476060324833,0.011162853062765394,Bőröndös utca
0,F00736,0.7562952118062509,0.0,1.0,0.014081408029080528,0.33802713600969353,0.011153057696263855,Járműtelep utca
0,F00905,0.7695202292694742,0.0,1.0,0.013454729155875656,0.33781824305195857,0.011032396262709195,Bőrfestő utca
3,038688,300.4028569492738,0.0,1.0,7.293295331236778e-05,0.3333576443177708,0.010639170246829196,Kőbánya-Kispest M
3,066711,0.08301144876453273,0.0,1.6443298969072164,0.0,0.5481099656357388,0.010614595293251953,Rákoscsaba-Újtelep vasútállomás
0,F00826,0.7163827571509407,0.0,1.0,0.012403051615845677,0.3374676838719486,0.010080221187722475,Bőröndös utca
0,F00904,0.6898758500609949,0.0,1.0,0.012771275351920689,0.3375904251173069,0.009959335846579367,Bőrfestő utca
0,F00735,0.7163625911367424,0.0,1.0,0.01201358046853599,0.33733786015617867,0.009920496971149634,Járműtelep utca
0,F00743,0.7163424251225343,0.0,1.0,0.011599459327089333,0.33719981977569646,0.009747819585121071,Óceán-árok utca
0,009154,0.7163222591083107,0.0,1.0,0.011156488565396468,0.3370521628551322,0.009559689415137206,Atlétikai stadion
3,F04724,82.56814044730311,0.0,1.0,0.00014669036197423248,0.3333822301206581,0.007908735731341442,Budaörsi lakótelep
3,F03165,253.05746714213544,0.0,1.0,4.1763973675791896e-05,0.33334725465789194,0.00738920411033098,"Újpalota, Nyírpalota út"
3,038670,189.89689679716426,0.0,1.0,5.3604754952440505e-05,0.33335120158498416,0.007251598202258087,Kőbánya-Kispest M
3,F00573,86.28519696498199,0.0,1.0,8.943591376399736e-05,0.333363145304588,0.006312911739981543,"Óbuda, Bogdáni út"
3,F01376,70.83356967342199,0.0,1.0,9.240538803756353e-05,0.3333641351293459,0.005813622087657301,Boráros tér H
3,F04014,44.791888646243784,0.0,1.0,0.0001436772748632223,0.33338122575828777,0.0057634774381241476,Határ út M
0,F03028,0.5274836367201672,0.0,1.0,0.004857708607328422,0.3349525695357762,0.005005291356960801,"Rákospalota, Kossuth utca"
3,009160,115.44607009960838,0.0,1.0,3.65973220899605e-05,0.33334553244069665,0.0046714434869332975,Keleti pályaudvar M
3,F01154,29.71235646757311,0.0,1.0,8.759836062119112e-05,0.3333625327868737,0.0036642598186177517,Keleti pályaudvar M
3,061277,0.10779195250452835,0.0,1.0,0.036638769954152654,0.3455462566513842,0.003331404213932143,Kelenföld vasútállomás M
1,CSF00964,5.700297325242078,0.0,0.0,0.007555809265671907,0.0025186030885573025,0.0030291665885149185,Vörösmarty tér
3,F01460,14.928891621494442,0.0,1.0,0.0001170160464536585,0.3333723386821512,0.00299950422792143,Határ út M
3,075744,0.09011878447730104,0.0,1.0,0.03554692647687339,0.34518230882562445,0.0027425032460754624,Sasadi út
3,F00276,35.00931125256816,0.0,1.0,3.757140432903228e-05,0.3333458571347763,0.002605221624292015,Pasaréti tér
0,F03019,0.2522503100535395,0.0,1.0,0.00879841734107372,0.33626613911369124,0.0025432957178626826,Géza fejedelem tér
3,F02885,62.40876636695638,0.0,1.0,1.9321223232390435e-05,0.3333397737410775,0.0024951595980871265,Mexikói út M
3,F01159,0.1515188124062748,0.0,1.0,0.011661037584134474,0.3372203458613781,0.002483349653964626,Keleti pályaudvar M
3,F01016,0.09916066574880575,0.0,1.0,0.022150382090081168,0.3407167940300271,0.002392001052512852,Astoria M
3,F01170,0.09868518350360875,0.0,1.0,0.02179655505494569,0.3405988516849819,0.002361507837997331,Uránia
3,F04577,38.42306014299093,0.0,1.0,2.525797605392889e-05,0.33334175265868465,0.00223793031249034,Szentlőrinci úti lakótelep
0,F03024,0.2522625464163797,0.0,1.0,0.006551797266607343,0.3355172657555358,0.002194991630422856,Fő út
3,F04398,0.07651550547984035,0.0,1.0,0.034078026781570105,0.3446926755938567,0.002194340112847037,Savoyai Jenő tér
0,F03023,0.28668979447959325,0.0,1.0,0.003422549406786207,0.33447418313559535,0.0020999998556760382,Dal utca
3,F01166,0.1066043036239797,0.0,1.0,0.013658668930678975,0.337886222976893,0.002013337410401418,Blaha Lujza tér M
3,056427,16.6520818145525,0.0,1.0,4.090053786387583e-05,0.3333469668459546,0.0018732080099996262,Deák Ferenc tér M
3,008865,8.764162929577743,0.0,1.0,6.641634632303665e-05,0.33335547211544103,0.0017294195634010522,Savoya Park
0,F03020,0.2867063459123121,0.0,1.0,0.002150637261138854,0.33405021242037963,0.0016648411298090457,Géza fejedelem tér
3,F01931,0.08156867603713734,0.0,1.0,0.014845734963832203,0.33828191165461075,0.0015764823241677288,Gazdagréti út
3,F00951,0.07135569810053376,0.0,1.0,0.01810590033319738,0.3393686334443991,0.0014406850412451752,Ferenciek tere M
3,009537,0.07081229174072821,0.0,1.0,0.01846764907407251,0.33948921635802415,0.001437075848577792,Március 15. tér
3,011727,5.603419247063417,0.0,1.0,5.934607088287002e-05,0.33335311535696094,0.0013050826479245792,Rákospatak utca / Csömöri út
3,F04191,0.07232928855489931,0.0,1.0,0.013407533656313923,0.3378025112187713,0.0012666591986411956,Görgey Artúr tér
3,F04278,0.07176799596140715,0.0,1.0,0.013729554864717242,0.3379098516215724,0.001266151731304162,Karácsony Sándor utca
3,016729,7.65150225720311,0.0,1.0,3.472848955484049e-05,0.33334490949651824,0.0011680077533260508,Naphegy tér
3,F00290,17.20662956020242,0.0,1.0,1.3747085810654837e-05,0.3333379156952702,0.0011039799348642322,Fenyves utca
3,082357,0.056276181278651215,0.0,1.0,0.03047784886219433,0.34349261628739813,0.0010578351716376744,Közvágóhíd H
3,F00583,0.05833893684533057,0.0,1.0,0.017267440421531912,0.3390891468071773,0.0009044531069689334,Raktár utca
3,F04508,12.69198428438208,0.0,1.0,1.2361993724535604e-05,0.33333745399790815,0.0008986601869219281,"Nagytétény, ipartelep"
3,F00155,0.0627830703542337,0.0,1.0,0.011424727871995872,0.33714157595733196,0.0008964354871605634,Városmajor
3,048277,3.4483986172419003,0.0,1.0,4.418731604535229e-05,0.33334806243868176,0.0008809846240761432,Kőbánya alsó vasútállomás
3,F03950,0.08192367800822972,0.0,1.0,0.004203638567727056,0.33473454618924237,0.0008434656403603387,Simonyi Zsigmond utca
3,F00611,0.05775499574141408,0.0,1.0,0.015606428979076496,0.33853547632635883,0.0008320190135565906,Flórián tér
3,011577,4.052531415763626,0.0,1.0,3.177781734488801e-05,0.33334392593911494,0.0008107813841799545,"Soroksár, központi raktárak"
3,082617,0.057000961285770146,0.0,1.0,0.014056207508345714,0.33801873583611525,0.000754138877348621,Sasadi út
3,F02219,4.5579353953048365,0.0,1.0,1.416901848986768e-05,0.3333380563394966,0.0005745502841088628,Albertfalva vasútállomás
3,F02372,13.397379070154004,0.0,1.0,4.67636326862707e-06,0.3333348921210895,0.0005679302274968474,Regőczi István tér
3,F01870,0.060286285033323624,0.0,1.0,0.005592547116689059,0.33519751570556305,0.00056676129782279,Felsőcsatári út
3,F00838,0.060395121549106034,0.0,1.0,0.0051209015436663825,0.33504030051455547,0.0005449848089040457,Víztorony
3,F02382,1.7832826437011986,0.0,1.0,2.904350480825326e-05,0.33334301450160275,0.000510143609361397,"Zugliget, Libegő"
3,F01164,0.07293195114809481,0.0,1.0,0.0020071679573374812,0.33400238931911247,0.00049642746630391,Blaha Lujza tér M
3,F04145,0.07346306174003045,0.0,1.0,0.0014271335479289252,0.3338090445159763,0.00042324951725062807,"Pesterzsébet, Baross utca"
3,038693,5.077380811756233,0.0,1.0,6.300536529637501e-06,0.33333543351217654,0.0004045990422081898,Kőbánya-Kispest M
3,094505,0.26479168055012275,0.0,1.0,0.0001411105827646549,0.33338037019425487,0.0003965104769880347,Liszt Ferenc Airport 2
3,F01162,0.054141340121076825,0.0,1.0,0.004826385807306376,0.33494212860243544,0.0003520838917691493,Huszár utca
3,F04315,0.05677236613444802,0.0,1.0,0.0026014182914189743,0.3342004727638063,0.00031966022882474635,Kossuth Lajos utca / Ady Endre út
3,F00836,0.0531830748764678,0.0,1.0,0.004514732028629579,0.3348382440095432,0.00030594659439879383,Árpád üzletház
3,F04321,0.05749429128992216,0.0,1.0,0.002017629716403585,0.33400587657213454,0.0002945813474922014,Kiss János altábornagy utca
3,F00886,0.052560007883534876,0.0,1.0,0.004249074600985335,0.3347496915336618,0.0002727919068310632,Árpád Kórház
3,F00158,0.053385431846473486,0.0,1.0,0.0018642505844840766,0.33395475019482807,0.00020149581252141733,Városmajor
3,F03594,0.07204210613170982,0.0,1.0,0.00033496093333075185,0.3334449869777769,0.0001989632199654214,Szent kereszt tér
3,F00930,0.05026338592054532,0.0,1.0,0.006562650710107229,0.3355208835700358,0.00019249297590128624,Jászai Mari tér
3,F03541,0.07070944308936684,0.0,1.0,0.00014387934361386286,0.33338129311453796,0.00012654316297901628,Bakancsos utca
3,F03721,0.049543372487385225,0.0,1.0,0.0010562424624431929,0.3336854141541477,4.5099274329940054e-05,Szarvas csárda tér
0,F03756,1.6745354341874983,0.0,1.0,0.0,0.3333333333333333,0.0,Margó Tivadar utca
0,F03771,1.6544090362803718,0.0,1.0,0.0,0.3333333333333333,0.0,Baross utca
0,F03791,3.2284954536322386,0.0,1.0,0.0,0.3333333333333333,0.0,"Pestszentlőrinc, Béke tér"
0,009753,110.83452362974141,0.0,1.0,0.0,0.3333333333333333,0.0,Blaha Lujza tér M (Népszínház utca)
0,099633,81.39699593731271,0.0,1.0,0.0,0.3333333333333333,0.0,Kelenföld vasútállomás M
0,008864,35.21101723092831,0.0,1.0,0.0,0.3333333333333333,0.0,Savoya Park
0,008003,2.8955726650994733,0.0,1.0,0.0,0.3333333333333333,0.0,Budagyöngye
0,F04031,2.0174234766032946,0.0,1.0,0.0,0.3333333333333333,0.0,Villanytelep
0,F03803,1.634497995183322,0.0,1.0,0.0,0.3333333333333333,0.0,Honvéd utca
0,F03734,1.6543115999495002,0.0,1.0,0.0,0.3333333333333333,0.0,Lajosmizsei sorompó
0,F03741,1.6543359542119505,0.0,1.0,0.0,0.3333333333333333,0.0,Tinódi utca
0,F03805,1.614176452620299,0.0,1.0,0.0,0.3333333333333333,0.0,Honvéd utca
0,F03884,1.614200215208902,0.0,1.0,0.0,0.3333333333333333,0.0,Bajcsy-Zsilinszky út
0,F03853,1.6142714842243122,0.0,1.0,0.0,0.3333333333333333,0.0,Ungvár utca
0,F03708,1.6144140952321522,0.0,1.0,0.0,0.3333333333333333,0.0,Thököly út
0,F03710,1.634257388609857,0.0,1.0,0.0,0.3333333333333333,0.0,Thököly út
0,F03718,1.6342814608939833,0.0,1.0,0.0,0.3333333333333333,0.0,Szarvas csárda tér
0,F03822,1.63430552977554,0.0,1.0,0.0,0.3333333333333333,0.0,Madarász utca
0,F03690,1.6343295986570985,0.0,1.0,0.0,0.3333333333333333,0.0,Iparvasút
0,F03854,1.6344017706501608,0.0,1.0,0.0,0.3333333333333333,0.0,Ungvár utca
0,F03946,0.7000675524817319,0.0,1.0,0.0,0.3333333333333333,0.0,Kossuth tér
0,F03932,0.7001093877763951,0.0,1.0,0.0,0.3333333333333333,0.0,Lehel utca
0,F03900,0.7001512230710617,0.0,1.0,0.0,0.3333333333333333,0.0,Corvin körút
0,F03739,1.533783701792746,0.0,1.0,0.0,0.3333333333333333,0.0,Tinódi utca
0,F03737,1.5338062716391614,0.0,1.0,0.0,0.3333333333333333,0.0,Lajosmizsei sorompó
0,F03930,1.3142085042825062,0.0,1.0,0.0,0.3333333333333333,0.0,Határ út M
0,F03899,0.6032792881658507,0.0,1.0,0.0,0.3333333333333333,0.0,Corvin körút
0,F04030,0.6465637569576898,0.0,1.0,0.0,0.3333333333333333,0.0,Villanytelep
0,F03903,0.6465251348574955,0.0,1.0,0.0,0.3333333333333333,0.0,Árpád utca
0,F03953,0.6357117405764658,0.0,1.0,0.0,0.3333333333333333,0.0,Fő utca
0,F03947,0.6356737652097284,0.0,1.0,0.0,0.3333333333333333,0.0,Kossuth tér
0,F03931,0.624862305312458,0.0,1.0,0.0,0.3333333333333333,0.0,Lehel utca
0,F03904,0.6999838738138907,0.0,1.0,0.0,0.3333333333333333,0.0,Árpád utca
0,F03954,0.7000257131478108,0.0,1.0,0.0,0.3333333333333333,0.0,Fő utca
0,F02313,0.20649376491918808,0.0,1.118421052631579,0.0,0.37280701754385964,0.0,"Széchenyi-hegy, Gyermekvasút"
0,F02330,0.20649376491918808,0.0,1.0,0.0,0.3333333333333333,0.0,Városmajor
0,F03823,1.5538278018474572,0.0,1.0,0.0,0.3333333333333333,0.0,Madarász utca
0,F03719,1.5538506841583863,0.0,1.0,0.0,0.3333333333333333,0.0,Szarvas csárda tér
0,F03755,1.5539421994719407,0.0,1.0,0.0,0.3333333333333333,0.0,Margó Tivadar utca
0,F03692,1.5739842042058259,0.0,1.0,0.0,0.3333333333333333,0.0,Iparvasút
0,F03833,1.5741000947634112,0.0,1.0,0.0,0.3333333333333333,0.0,Kemény Zsigmond utca
0,F03885,1.5941165511120834,0.0,1.0,0.0,0.3333333333333333,0.0,Bajcsy-Zsilinszky út
0,F03768,1.5942573958950277,0.0,1.0,0.0,0.3333333333333333,0.0,Baross utca
1,CS056215,7.495045678849986,0.0,0.0,0.0,0.0,0.0,Kelenföld vasútállomás
1,CSF01543,6.523707703604886,0.0,0.0,0.0,0.0,0.0,Kőbánya-Kispest [D]
1,CSF00912,7.910822719094975,0.0,0.0,0.0,0.0,0.0,Újpest-központ
1,CSF02887,5.344883203193818,0.0,1.0,0.0,0.3333333333333333,0.0,Mexikói út
1,CSF00093,7.4568941119474985,0.0,0.0,0.0,0.0,0.0,Déli pályaudvar
3,008381,189.5305196421078,0.0,1.0,0.0,0.3333333333333333,0.0,Kőbánya alsó vasútállomás
3,F03145,108.50546029949733,0.0,1.0,0.0,0.3333333333333333,0.0,"Újpalota, Szentmihályi út"
3,F02757,157.71816538624344,0.0,1.0,0.0,0.3333333333333333,0.0,Örs vezér tere M+H
3,008469,84.56945185168512,0.0,1.0,0.0,0.3333333333333333,0.0,Gubacsi út / Határ út
3,F01755,75.3044724790785,0.0,1.0,0.0,0.3333333333333333,0.0,Örs vezér tere M+H
3,008005,62.643288760710945,0.0,1.0,0.0,0.3333333333333333,0.0,Móricz Zsigmond körtér M
3,F04790,58.691189257024426,0.0,1.0,0.0,0.3333333333333333,0.0,"Budakeszi, Dózsa György tér"
3,067622,58.307489575601345,0.0,1.0,0.0,0.3333333333333333,0.0,"Csepel, Csillagtelep"
3,F02996,7.78023016708583,0.0,1.0,0.0,0.3333333333333333,0.0,"Rákospalota, Csömöri-patak"
3,011768,21.869429912161053,0.0,1.0,0.0,0.3333333333333333,0.0,"Rákoscsaba-Újtelep, Tóalmás utca"
3,F02269,25.221433764389378,0.0,1.0,0.0,0.3333333333333333,0.0,"Csillebérc, KFKI"
3,008772,24.52776893141546,0.0,1.0,0.0,0.3333333333333333,0.0,Pestszentlőrinc vasútállomás
3,F00641,51.052119568007924,0.0,1.0,0.0,0.3333333333333333,0.0,"Békásmegyer, Újmegyeri tér"
3,008472,51.02552858604769,0.0,1.0,0.0,0.3333333333333333,0.0,Dél-pesti autóbuszgarázs
3,007972,135.22554648536033,0.0,1.0,0.0,0.3333333333333333,0.0,Hűvösvölgy
3,007999,176.08111523495344,0.0,1.0,0.0,0.3333333333333333,0.0,Budatétény vasútállomás (Campona)
3,038681,86.28515434437568,0.0,1.0,0.0,0.3333333333333333,0.0,Kőbánya-Kispest M
3,084831,0.08735760422683905,0.0,1.0,0.0,0.3333333333333333,0.0,Biztató út / Szakács utca
3,110369,0.08688554515339952,0.0,1.0,0.0,0.3333333333333333,0.0,Honfoglalás park
3,011724,7.353626108422364,0.0,1.0,0.0,0.3333333333333333,0.0,"Rákoskeresztúr, városközpont"
3,044029,3.687352738592173,0.0,1.0,0.0,0.3333333333333333,0.0,Fenyőgyöngye
3,F00716,3.8058835260398034,0.0,1.0,0.0,0.3333333333333333,0.0,"Megyer, Szondi utca"
3,007902,3.9839334968173348,0.0,1.0,0.0,0.3333333333333333,0.0,Újpest-városkapu M
3,F03441,1.2280739890828258,0.0,1.0,0.0,0.3333333333333333,0.0,Rákoscsaba vasútállomás
3,044511,4.798762406597696,0.0,1.0,0.0,0.3333333333333333,0.0,"Solymár, PEMÜ"
3,F03281,4.623484050397841,0.0,1.0,0.0,0.3333333333333333,0.0,Rákosszentmihály vasútállomás
3,091289,0.08746730168453427,0.0,1.0,0.0,0.3333333333333333,0.0,Kerecsen utca / Budapesti út
3,084946,0.0876095561680253,0.0,1.0,0.0,0.3333333333333333,0.0,Biztató út / Budapesti út
3,090995,0.08775743027386211,0.0,1.0,0.0,0.3333333333333333,0.0,Kerecsen utca / Hétvezér utca
3,075474,0.09094871558063955,0.0,1.0,0.0,0.3333333333333333,0.0,Malomdomb (áruház)
3,084095,0.10010011623922235,0.0,1.0,0.0,0.3333333333333333,0.0,Kovács utca
3,072606,0.0998912251996543,0.0,1.0,0.0,0.3333333333333333,0.0,Szűcs utca
3,075684,0.10033006134667519,0.0,1.0,0.0,0.3333333333333333,0.0,Bóbitás út / Szakács utca
3,072669,0.1004335943785811,0.0,1.0,0.0,0.3333333333333333,0.0,Takács utca
3,F01801,4.933899837043122,0.0,1.0,0.0,0.3333333333333333,0.0,Kőbánya alsó vasútállomás
3,066722,0.08301144876453273,0.0,1.0,0.0,0.3333333333333333,0.0,Nyeremény utca
3,075152,0.07151243964878794,0.0,1.0,0.0,0.3333333333333333,0.0,Vágás utca (óvoda)
3,084181,0.07945506275447722,0.0,1.0,0.0,0.3333333333333333,0.0,Menyhért utca / Budapesti út
3,234813,0.05786134041776498,0.0,1.0,0.0,0.3333333333333333,0.0,Csókakő utca
3,182813,0.049170709093711816,0.0,1.0,0.0,0.3333333333333333,0.0,"Árpádföld, Bekecs utca"
4,F04526,0.015909690809622474,1.0,0.0,0.0,0.3333333333333333,0.0,"Soroksár, Molnár-sziget"
4,F04181,0.015909690809622474,1.0,0.0,0.0,0.3333333333333333,0.0,Csepel-Királyerdő
